METHOD	ROUTE	FILE:LINE	HANDLER	PERMISSIONS	GUARDS	PUBLIC
GET	/api/v1	src/app.controller.ts:8	getHello			
GET	/api/v1/admin/biometric-submissions	src/modules/accounts/controllers/admin-biometric-review.controller.ts:44	list	account.biometric.review	JwtAuthGuard,RolesGuard,PermissionsGuard|JwtAuthGuard,RolesGuard,PermissionsGuard	
GET	/api/v1/admin/biometric-submissions/:faceProfileId	src/modules/accounts/controllers/admin-biometric-review.controller.ts:57	detail	account.biometric.review	JwtAuthGuard,RolesGuard,PermissionsGuard	
POST	/api/v1/admin/biometric-submissions/:faceProfileId/approve	src/modules/accounts/controllers/admin-biometric-review.controller.ts:89	approve	account.biometric.review	JwtAuthGuard,RolesGuard,PermissionsGuard	
GET	/api/v1/admin/biometric-submissions/:faceProfileId/download-url	src/modules/accounts/controllers/admin-biometric-review.controller.ts:71	downloadUrl	account.biometric.download	JwtAuthGuard,RolesGuard,PermissionsGuard	
POST	/api/v1/admin/biometric-submissions/:faceProfileId/reject	src/modules/accounts/controllers/admin-biometric-review.controller.ts:108	reject	account.biometric.review	JwtAuthGuard,RolesGuard,PermissionsGuard	
GET	/api/v1/admin/gate-access-logs	src/modules/zones/controllers/gate-access-log.controller.ts:63	listAll	zones.gate_log.read	JwtAuthGuard,PermissionsGuard	
GET	/api/v1/alert-rules	src/modules/alerts/controllers/alert-rules.controller.ts:57	list	alert_rules.read	JwtAuthGuard,PermissionsGuard	
POST	/api/v1/alert-rules	src/modules/alerts/controllers/alert-rules.controller.ts:41	create	alert_rules.create	JwtAuthGuard,PermissionsGuard|JwtAuthGuard,PermissionsGuard	
DELETE	/api/v1/alert-rules/:id	src/modules/alerts/controllers/alert-rules.controller.ts:97	remove	alert_rules.delete	JwtAuthGuard,PermissionsGuard	
GET	/api/v1/alert-rules/:id	src/modules/alerts/controllers/alert-rules.controller.ts:70	detail	alert_rules.read	JwtAuthGuard,PermissionsGuard	
PATCH	/api/v1/alert-rules/:id	src/modules/alerts/controllers/alert-rules.controller.ts:81	update	alert_rules.update	JwtAuthGuard,PermissionsGuard	
GET	/api/v1/analytics/attendance/on-time-rate	src/modules/analytics/controllers/on-time-rate.controller.ts:40	getOnTimeRate	analytics.attendance.read	JwtAuthGuard,PermissionsGuard|JwtAuthGuard,PermissionsGuard	
GET	/api/v1/analytics/attendance/on-time-rate/users/:userId/late-history	src/modules/analytics/controllers/on-time-rate.controller.ts:94	getLateHistory	'analytics.attendance.read'(class)	JwtAuthGuard,PermissionsGuard	
GET	/api/v1/analytics/dashboard/overview	src/modules/analytics/controllers/dashboard-overview.controller.ts:34	getOverview	analytics.overview.read	JwtAuthGuard,PermissionsGuard|JwtAuthGuard,PermissionsGuard	
GET	/api/v1/analytics/meetings/average-duration	src/modules/analytics/controllers/meeting-average-duration.controller.ts:34	getAverageDuration	analytics.meeting.read	JwtAuthGuard,PermissionsGuard|JwtAuthGuard,PermissionsGuard	
GET	/api/v1/analytics/meetings/cancel-rate	src/modules/analytics/controllers/meeting-cancel-rate.controller.ts:34	getCancelRate	analytics.meeting.read	JwtAuthGuard,PermissionsGuard|JwtAuthGuard,PermissionsGuard	
GET	/api/v1/analytics/meetings/count-by-period	src/modules/analytics/controllers/meeting-count-by-period.controller.ts:34	getCountByPeriod	analytics.meeting.read	JwtAuthGuard,PermissionsGuard|JwtAuthGuard,PermissionsGuard	
GET	/api/v1/analytics/meetings/status-breakdown	src/modules/analytics/controllers/meeting-status-breakdown.controller.ts:34	getStatusBreakdown	analytics.meeting.read	JwtAuthGuard,PermissionsGuard|JwtAuthGuard,PermissionsGuard	
GET	/api/v1/analytics/rooms/:roomId/detail	src/modules/analytics/controllers/room-usage-dashboard.controller.ts:91	getDetail	'analytics.room.read'(class)	JwtAuthGuard,PermissionsGuard	
GET	/api/v1/analytics/rooms/dashboard	src/modules/analytics/controllers/room-usage-dashboard.controller.ts:40	getComparison	analytics.room.read	JwtAuthGuard,PermissionsGuard|JwtAuthGuard,PermissionsGuard	
GET	/api/v1/analytics/rooms/no-show-rate	src/modules/analytics/controllers/no-show-rate.controller.ts:34	getNoShowRate	analytics.room.read	JwtAuthGuard,PermissionsGuard|JwtAuthGuard,PermissionsGuard	
GET	/api/v1/analytics/rooms/usage-history	src/modules/analytics/controllers/room-usage-history.controller.ts:42	getUsageHistory	analytics.room.read	JwtAuthGuard,PermissionsGuard|JwtAuthGuard,PermissionsGuard	
GET	/api/v1/analytics/rooms/utilization-rate	src/modules/analytics/controllers/room-utilization-rate.controller.ts:34	getUtilizationRate	analytics.room.read	JwtAuthGuard,PermissionsGuard|JwtAuthGuard,PermissionsGuard	
GET	/api/v1/anpr/admin/control-list	src/modules/anpr/controllers/vehicle-control-list.controller.ts:64	list	vehicle_control.read	JwtAuthGuard,PermissionsGuard	
POST	/api/v1/anpr/admin/control-list	src/modules/anpr/controllers/vehicle-control-list.controller.ts:45	create	vehicle_control.create	JwtAuthGuard,PermissionsGuard|JwtAuthGuard,PermissionsGuard	
DELETE	/api/v1/anpr/admin/control-list/:id	src/modules/anpr/controllers/vehicle-control-list.controller.ts:103	remove	vehicle_control.delete	JwtAuthGuard,PermissionsGuard	
GET	/api/v1/anpr/admin/control-list/:id	src/modules/anpr/controllers/vehicle-control-list.controller.ts:77	detail	vehicle_control.read	JwtAuthGuard,PermissionsGuard	
PATCH	/api/v1/anpr/admin/control-list/:id	src/modules/anpr/controllers/vehicle-control-list.controller.ts:88	update	vehicle_control.update	JwtAuthGuard,PermissionsGuard	
GET	/api/v1/anpr/admin/unknown-vehicles	src/modules/anpr/controllers/vehicle-registration.controller.ts:92	listUnknown	anpr.vehicle.unknown_view,vehicle_alert.read	JwtAuthGuard,PermissionsGuard	
GET	/api/v1/anpr/admin/vehicle-history	src/modules/anpr/controllers/vehicle-registration.controller.ts:77	historyAll	anpr.vehicle.history_view	JwtAuthGuard,PermissionsGuard	
GET	/api/v1/anpr/admin/vehicle-registrations	src/modules/anpr/controllers/vehicle-registration.controller.ts:114	listAll	anpr.vehicle.admin_read	JwtAuthGuard,PermissionsGuard	
POST	/api/v1/anpr/admin/vehicle-registrations	src/modules/anpr/controllers/vehicle-registration.controller.ts:190	registerForUser	anpr.vehicle.admin_register	JwtAuthGuard,PermissionsGuard	
GET	/api/v1/anpr/vehicle-history	src/modules/anpr/controllers/vehicle-registration.controller.ts:57	historyOwn		JwtAuthGuard	
GET	/api/v1/anpr/vehicle-registrations	src/modules/anpr/controllers/vehicle-registration.controller.ts:132	list		JwtAuthGuard	
POST	/api/v1/anpr/vehicle-registrations	src/modules/anpr/controllers/vehicle-registration.controller.ts:170	registerOwn		JwtAuthGuard	
DELETE	/api/v1/anpr/vehicle-registrations/:id	src/modules/anpr/controllers/vehicle-registration.controller.ts:252	remove		JwtAuthGuard	
GET	/api/v1/anpr/vehicle-registrations/:id	src/modules/anpr/controllers/vehicle-registration.controller.ts:152	detail		JwtAuthGuard	
PATCH	/api/v1/anpr/vehicle-registrations/:id	src/modules/anpr/controllers/vehicle-registration.controller.ts:210	update		JwtAuthGuard	
PATCH	/api/v1/anpr/vehicle-registrations/:id/status	src/modules/anpr/controllers/vehicle-registration.controller.ts:231	updateStatus		JwtAuthGuard	
GET	/api/v1/audit-logs	src/modules/administration/controllers/audit-logs.controller.ts:45	listAuditLogs	audit.system.read	JwtAuthGuard,PermissionsGuard|JwtAuthGuard,PermissionsGuard	
PATCH	/api/v1/auth/change-password	src/modules/auth/controllers/auth.controller.ts:245	changePassword		JwtAuthGuard	
POST	/api/v1/auth/login	src/modules/auth/controllers/auth.controller.ts:57	login			
POST	/api/v1/auth/logout	src/modules/auth/controllers/auth.controller.ts:137	logout		JwtAuthGuard	
GET	/api/v1/auth/me	src/modules/auth/controllers/auth.controller.ts:299	getMe		JwtAuthGuard	
POST	/api/v1/auth/password-reset/confirm	src/modules/auth/controllers/auth.controller.ts:214	confirmReset			
POST	/api/v1/auth/password-reset/request	src/modules/auth/controllers/auth.controller.ts:182	requestOtp			
POST	/api/v1/auth/refresh	src/modules/auth/controllers/auth.controller.ts:95	refresh			
GET	/api/v1/background-jobs/:id	src/modules/administration/controllers/background-jobs.controller.ts:41	getStatus		JwtAuthGuard	
GET	/api/v1/campus-dashboard/business-admin-summary	src/modules/campus-dashboard/controllers/business-admin-summary.controller.ts:16	getBusinessAdminSummary	campus_dashboard.business_admin_summary.read	JwtAuthGuard,PermissionsGuard	
GET	/api/v1/campus-dashboard/employee-summary	src/modules/campus-dashboard/controllers/employee-summary.controller.ts:17	getEmployeeSummary	campus_dashboard.employee_summary.read	JwtAuthGuard,PermissionsGuard	
GET	/api/v1/campus-dashboard/manager-summary	src/modules/campus-dashboard/controllers/manager-summary.controller.ts:17	getManagerSummary	campus_dashboard.manager_summary.read	JwtAuthGuard,PermissionsGuard	
GET	/api/v1/campus-dashboard/overview	src/modules/campus-dashboard/controllers/dashboard-overview.controller.ts:28	getOverview	campus_dashboard.overview.read	JwtAuthGuard,PermissionsGuard	
GET	/api/v1/campus-dashboard/zones/:zoneId/timeline	src/modules/campus-dashboard/controllers/zone-presence-timeline.controller.ts:28	getTimeline	campus_dashboard.timeline.read	JwtAuthGuard,PermissionsGuard	
GET	/api/v1/campus-dashboard/zones/traffic	src/modules/campus-dashboard/controllers/zone-traffic-heatmap.controller.ts:26	getTraffic	campus_dashboard.traffic.read	JwtAuthGuard,PermissionsGuard	
GET	/api/v1/campus/user-journey	src/modules/gate-access/controllers/user-journey.controller.ts:31	userJourney	zones.gate_log.read	JwtAuthGuard,PermissionsGuard	
GET	/api/v1/departments	src/modules/accounts/controllers/departments.controller.ts:110	listDepartments	department.read	JwtAuthGuard,PermissionsGuard	
POST	/api/v1/departments	src/modules/accounts/controllers/departments.controller.ts:48	createDepartment	department.create	JwtAuthGuard,PermissionsGuard	
PATCH	/api/v1/departments/:id	src/modules/accounts/controllers/departments.controller.ts:162	updateDepartment	department.update	JwtAuthGuard,PermissionsGuard	
POST	/api/v1/dev/test-mail	src/modules/dev/dev.controller.ts:30	testMail			
POST	/api/v1/dev/test-mail-verify	src/modules/dev/dev.controller.ts:60	testMailVerify			
GET	/api/v1/device-callbacks/face/heartbeat	src/modules/iot/controllers/device-callbacks.controller.ts:9	handleHeartbeatGet			
POST	/api/v1/device-callbacks/face/heartbeat	src/modules/iot/controllers/device-callbacks.controller.ts:14	handleHeartbeatPost			
GET	/api/v1/device-callbacks/face/stranger	src/modules/iot/controllers/device-callbacks.controller.ts:32	handleStrangerGet			
POST	/api/v1/device-callbacks/face/stranger	src/modules/iot/controllers/device-callbacks.controller.ts:37	handleStrangerPost			
GET	/api/v1/device-callbacks/face/verify	src/modules/iot/controllers/device-callbacks.controller.ts:19	handleVerifyGet			
POST	/api/v1/device-callbacks/face/verify	src/modules/iot/controllers/device-callbacks.controller.ts:24	handleVerifyPost			
GET	/api/v1/early-vacancy-config	src/modules/rooms/controllers/early-vacancy-config.controller.ts:29	get	room.early_vacancy.configure	JwtAuthGuard,PermissionsGuard	
PUT	/api/v1/early-vacancy-config	src/modules/rooms/controllers/early-vacancy-config.controller.ts:37	update	room.early_vacancy.configure	JwtAuthGuard,PermissionsGuard	
GET	/api/v1/equipments	src/modules/equipment/controllers/equipment.controller.ts:181	listEquipments	equipment.read	JwtAuthGuard|PermissionsGuard	
POST	/api/v1/equipments	src/modules/equipment/controllers/equipment.controller.ts:45	create	equipment.create	JwtAuthGuard|JwtAuthGuard|PermissionsGuard	
DELETE	/api/v1/equipments/:equipmentId	src/modules/equipment/controllers/equipment.controller.ts:151	deleteEquipment	equipment.delete	JwtAuthGuard|PermissionsGuard	
PATCH	/api/v1/equipments/:equipmentId/assignment	src/modules/equipment/controllers/equipment.controller.ts:220	assignToRoom	equipment.assign	JwtAuthGuard|PermissionsGuard	
PATCH	/api/v1/equipments/:equipmentId/fault	src/modules/equipment/controllers/equipment.controller.ts:93	reportFault	equipment.report_fault	JwtAuthGuard|PermissionsGuard	
GET	/api/v1/face-access/stranger-alerts	src/modules/face-access/controllers/stranger-alert.controller.ts:23	list	face.stranger.read	JwtAuthGuard,PermissionsGuard	
GET	/api/v1/face-access/unmapped-verifies	src/modules/face-access/controllers/unmapped-review.controller.ts:30	list	face.unmapped.read	JwtAuthGuard,PermissionsGuard	
POST	/api/v1/face-access/unmapped-verifies/map	src/modules/face-access/controllers/unmapped-review.controller.ts:45	map	face.unmapped.map	JwtAuthGuard,PermissionsGuard	
GET	/api/v1/gate-access-logs	src/modules/zones/controllers/gate-access-log.controller.ts:42	listForUser		JwtAuthGuard	
GET	/api/v1/gate-access/admin/history	src/modules/gate-access/controllers/gate-access-history.controller.ts:53	listAll	gate_access.history.read_all	JwtAuthGuard,PermissionsGuard	
GET	/api/v1/gate-access/admin/history/:id	src/modules/gate-access/controllers/gate-access-history.controller.ts:84	detailAny	gate_access.history.read_all	JwtAuthGuard,PermissionsGuard	
GET	/api/v1/gate-access/admin/vehicle-traffic-stats	src/modules/gate-access/controllers/vehicle-traffic-stats.controller.ts:28	getStats	gate_access.stats.read	JwtAuthGuard,PermissionsGuard|JwtAuthGuard,PermissionsGuard	
GET	/api/v1/gate-access/history	src/modules/gate-access/controllers/gate-access-history.controller.ts:34	listOwn	'gate_access.history.read_all'(class)	JwtAuthGuard	
GET	/api/v1/gate-access/history/:id	src/modules/gate-access/controllers/gate-access-history.controller.ts:67	detailOwn	'gate_access.history.read_all'(class)	JwtAuthGuard	
GET	/api/v1/hb	src/modules/iot/controllers/short-device-callbacks.controller.ts:8	handleHeartbeatGet			
POST	/api/v1/hb	src/modules/iot/controllers/short-device-callbacks.controller.ts:13	handleHeartbeatPost			
GET	/api/v1/hb/:deviceCode/:callbackToken	src/modules/iot/controllers/short-device-callbacks.controller.ts:18	handleHeartbeatGetWithParams			
POST	/api/v1/hb/:deviceCode/:callbackToken	src/modules/iot/controllers/short-device-callbacks.controller.ts:23	handleHeartbeatPostWithParams			
GET	/api/v1/health	src/modules/health/health.controller.ts:60	check			
POST	/api/v1/internal/ivss/events	src/modules/ivss/controllers/ivss-webhook.controller.ts:32	receiveEvent		IvssInternalTokenGuard	
POST	/api/v1/internal/ivss/occupancy-events	src/modules/ivss/controllers/ivss-occupancy.controller.ts:30	receiveEvent		IvssInternalTokenGuard	
POST	/api/v1/internal/ivss/vehicle-events	src/modules/anpr/controllers/vehicle-webhook.controller.ts:37	receiveEvent		AnprInternalTokenGuard	
POST	/api/v1/internal/meetings/:meetingId/late-checkin-alerts	src/modules/attendance/controllers/checkin-alert.controller.ts:19	triggerLateCheckinAlerts		InternalApiGuard|InternalApiGuard	
POST	/api/v1/internal/no-show-cases	src/modules/rooms/controllers/no-show.controller.ts:37	createInternal		InternalTokenGuard	
GET	/api/v1/iot-devices	src/modules/iot/controllers/iot-devices.controller.ts:37	list	iot.device.read	JwtAuthGuard,PermissionsGuard	
POST	/api/v1/iot-devices	src/modules/iot/controllers/iot-devices.controller.ts:81	create	iot_devices:create	JwtAuthGuard,PermissionsGuard	
GET	/api/v1/iot-devices/:id	src/modules/iot/controllers/iot-devices.controller.ts:68	detail	iot.device.read	JwtAuthGuard,PermissionsGuard	
PATCH	/api/v1/iot-devices/:id	src/modules/iot/controllers/iot-devices.controller.ts:153	update	iot.device.update	JwtAuthGuard,PermissionsGuard	
PATCH	/api/v1/iot-devices/:id/ai-config	src/modules/iot/controllers/iot-devices.controller.ts:211	configureAiConfig	iot.device.configure_ai	JwtAuthGuard,PermissionsGuard	
POST	/api/v1/iot-devices/:id/assign-room	src/modules/iot/controllers/iot-devices.controller.ts:125	assignRoom	iot_devices:assign_room	JwtAuthGuard,PermissionsGuard	
POST	/api/v1/iot-devices/:id/check-availability	src/modules/iot/controllers/iot-devices.controller.ts:334	checkAvailability	iot.device.check_availability	JwtAuthGuard,PermissionsGuard	
POST	/api/v1/iot-devices/:id/disable	src/modules/iot/controllers/iot-devices.controller.ts:300	disable	iot.device.disable	JwtAuthGuard,PermissionsGuard	
POST	/api/v1/iot-devices/:id/enable	src/modules/iot/controllers/iot-devices.controller.ts:317	enable	iot.device.enable	JwtAuthGuard,PermissionsGuard	
POST	/api/v1/iot-devices/:id/face-server/revoke	src/modules/iot/controllers/iot-devices.controller.ts:240	revokeFaceServerToken	iot_devices:configure_face_server	JwtAuthGuard,PermissionsGuard	
POST	/api/v1/iot-devices/:id/face-server/rotate	src/modules/iot/controllers/iot-devices.controller.ts:273	rotateFaceServerToken	iot_devices:configure_face_server	JwtAuthGuard,PermissionsGuard	
PATCH	/api/v1/iot-devices/:id/rtsp-config	src/modules/iot/controllers/iot-devices.controller.ts:182	configureRtsp	iot_devices:configure_rtsp	JwtAuthGuard,PermissionsGuard	
POST	/api/v1/iot-devices/probe-status	src/modules/iot/controllers/iot-devices.controller.ts:109	probeStatus	iot.device.probe	JwtAuthGuard,PermissionsGuard	
GET	/api/v1/iot-devices/status-summary	src/modules/iot/controllers/iot-devices.controller.ts:54	statusSummary	iot.device.read	JwtAuthGuard,PermissionsGuard	
GET	/api/v1/ivss/health	src/modules/ivss/controllers/ivss-health.controller.ts:19	health	ivss.health.read	JwtAuthGuard,PermissionsGuard	
GET	/api/v1/ivss/meetings/:meetingId/presence	src/modules/ivss/controllers/ivss-presence.controller.ts:50	meetingPresence	ivss.presence.read	JwtAuthGuard,PermissionsGuard	
GET	/api/v1/ivss/meetings/:meetingId/presence/:userId	src/modules/ivss/controllers/ivss-presence.controller.ts:29	userPresence	ivss.presence.read	JwtAuthGuard,PermissionsGuard	
GET	/api/v1/ivss/meetings/:meetingId/presence/report	src/modules/ivss/controllers/ivss-presence.controller.ts:65	report	ivss.presence.read	JwtAuthGuard,PermissionsGuard	
GET	/api/v1/ivss/rooms/:roomId/access-log	src/modules/ivss/controllers/ivss-room-access.controller.ts:30	accessLog	ivss.presence.read	JwtAuthGuard,PermissionsGuard	
GET	/api/v1/live-meetings/:meetingId/attendance	src/modules/live-meeting/controllers/live-meeting.controller.ts:471	getAttendance	attendance.read	JwtAuthGuard,PermissionsGuard	
POST	/api/v1/live-meetings/:meetingId/end	src/modules/live-meeting/controllers/live-meeting.controller.ts:252	endMeeting	meeting.session.end	JwtAuthGuard,PermissionsGuard	
POST	/api/v1/live-meetings/:meetingId/extension-requests/:requestId/decide	src/modules/live-meeting/controllers/live-meeting.controller.ts:180	decideExtension		JwtAuthGuard,PermissionsGuard	
GET	/api/v1/live-meetings/:meetingId/present-attendees	src/modules/live-meeting/controllers/live-meeting.controller.ts:305	getPresentAttendees	meeting.presence.read	JwtAuthGuard,PermissionsGuard	
POST	/api/v1/live-meetings/:meetingId/recording/:sessionId/pause-video	src/modules/recording/controllers/recording-session.controller.ts:83	pauseVideo	recording.video.stop	JwtAuthGuard,PermissionsGuard	
POST	/api/v1/live-meetings/:meetingId/recording/:sessionId/resume-video	src/modules/recording/controllers/recording-session.controller.ts:103	resumeVideo	recording.video.stop	JwtAuthGuard,PermissionsGuard	
GET	/api/v1/live-meetings/:meetingId/recording/:sessionId/status	src/modules/recording/controllers/recording-session.controller.ts:239	getStatus	recording.video.status	JwtAuthGuard,PermissionsGuard	
POST	/api/v1/live-meetings/:meetingId/recording/:sessionId/stop-video	src/modules/recording/controllers/recording-session.controller.ts:58	stopVideo	recording.video.stop	JwtAuthGuard,PermissionsGuard	
POST	/api/v1/live-meetings/:meetingId/recording/start-video	src/modules/recording/controllers/recording-session.controller.ts:34	startVideo	recording.video.start	JwtAuthGuard,PermissionsGuard	
POST	/api/v1/live-meetings/:meetingId/start	src/modules/live-meeting/controllers/live-meeting.controller.ts:64	startMeeting	meeting.session.start	JwtAuthGuard,PermissionsGuard	
POST	/api/v1/me/avatar	src/modules/accounts/controllers/avatar-photo.controller.ts:44	updateAvatar	profile.avatar.update	JwtAuthGuard,PermissionsGuard	
GET	/api/v1/me/biometric-status	src/modules/accounts/controllers/biometric-submission.controller.ts:59	getBiometricStatus	profile.biometric.read_status	JwtAuthGuard,PermissionsGuard	
POST	/api/v1/me/biometric-submission	src/modules/accounts/controllers/biometric-submission.controller.ts:89	submitBiometric	profile.biometric.submit	JwtAuthGuard,PermissionsGuard	
GET	/api/v1/me/schedule	src/modules/meetings/controllers/meetings.controller.ts:837	getMySchedule	schedule.read.self	JwtAuthGuard,PermissionsGuard	
GET	/api/v1/me/schedule/:meetingId	src/modules/meetings/controllers/meetings.controller.ts:866	getMyScheduleDetail	schedule.read.self	JwtAuthGuard,PermissionsGuard	
GET	/api/v1/media-files/:fileId	src/modules/recording/controllers/media-files.controller.ts:53	detail	recording.files.read	JwtAuthGuard,PermissionsGuard	
GET	/api/v1/media-files/:fileId/playback	src/modules/recording/controllers/media-files.controller.ts:67	playback	recording.files.play	JwtAuthGuard,PermissionsGuard	
GET	/api/v1/media-files/:fileId/secure-download	src/modules/recording/controllers/media-files.controller.ts:159	secureDownload			
PATCH	/api/v1/media-files/:fileId/visibility	src/modules/recording/controllers/media-files.controller.ts:141	setVisibility	recording.files.manage	JwtAuthGuard,PermissionsGuard	
GET	/api/v1/meeting-minutes	src/modules/minutes/controllers/minutes-list.controller.ts:63	findAll	meeting.minutes.read	JwtAuthGuard,PermissionsGuard	
DELETE	/api/v1/meeting-minutes/:id	src/modules/minutes/controllers/minutes-list.controller.ts:263	deleteDraft	meeting.minutes.delete	JwtAuthGuard,PermissionsGuard	
GET	/api/v1/meeting-minutes/:id	src/modules/minutes/controllers/minutes-list.controller.ts:177	findOne	meeting.minutes.read	JwtAuthGuard,PermissionsGuard	
PATCH	/api/v1/meeting-minutes/:id	src/modules/minutes/controllers/minutes-list.controller.ts:215	updateDraft	meeting.minutes.update	JwtAuthGuard,PermissionsGuard	
POST	/api/v1/meeting-minutes/:id/exports	src/modules/minutes/controllers/minutes-list.controller.ts:525	createExport	meeting.minutes.export	JwtAuthGuard,PermissionsGuard	
POST	/api/v1/meeting-minutes/:id/issue	src/modules/minutes/controllers/minutes-list.controller.ts:305	issue	meeting.minutes.issue	JwtAuthGuard,PermissionsGuard	
PATCH	/api/v1/meeting-minutes/:id/link-resources	src/modules/minutes/controllers/minutes-list.controller.ts:344	linkResources	meeting.minutes.link_resources	JwtAuthGuard,PermissionsGuard	
GET	/api/v1/meeting-minutes/:id/shares	src/modules/minutes/controllers/minutes-list.controller.ts:449	listMinutesShares	meeting.minutes.share.read	JwtAuthGuard,PermissionsGuard	
POST	/api/v1/meeting-minutes/:id/shares	src/modules/minutes/controllers/minutes-list.controller.ts:400	shareMinutes	meeting.minutes.share.create	JwtAuthGuard,PermissionsGuard	
DELETE	/api/v1/meeting-minutes/:id/shares/:userId	src/modules/minutes/controllers/minutes-list.controller.ts:484	unshareMinutes	meeting.minutes.share.delete	JwtAuthGuard,PermissionsGuard	
GET	/api/v1/meeting-minutes/:minutesId/attachments	src/modules/minutes/controllers/minutes-list.controller.ts:635	listAttachments	meeting.minutes.attachment.read	JwtAuthGuard,PermissionsGuard	
POST	/api/v1/meeting-minutes/:minutesId/attachments	src/modules/minutes/controllers/minutes-list.controller.ts:567	uploadAttachment	meeting.minutes.attachment.create	JwtAuthGuard,PermissionsGuard	
DELETE	/api/v1/meeting-minutes/:minutesId/attachments/:fileId	src/modules/minutes/controllers/minutes-list.controller.ts:680	deleteAttachment	meeting.minutes.attachment.delete	JwtAuthGuard,PermissionsGuard	
GET	/api/v1/meeting-minutes/search-by-person	src/modules/minutes/controllers/minutes-list.controller.ts:133	searchByPerson	meeting.minutes.search_by_person	JwtAuthGuard,PermissionsGuard	
GET	/api/v1/meeting-requests	src/modules/meetings/controllers/meeting-requests.controller.ts:21	findAll	meeting_request.read	JwtAuthGuard,PermissionsGuard|JwtAuthGuard,PermissionsGuard	
POST	/api/v1/meeting-requests/:requestId/approve	src/modules/meetings/controllers/meetings.controller.ts:747	approveMeetingRequest	meeting_request.approve	JwtAuthGuard,PermissionsGuard	
POST	/api/v1/meeting-requests/:requestId/reject	src/modules/meetings/controllers/meetings.controller.ts:792	rejectMeetingRequest	meeting_request.reject	JwtAuthGuard,PermissionsGuard	
GET	/api/v1/meetings	src/modules/meetings/controllers/meetings.controller.ts:249	listMeetings	meeting.read.all	JwtAuthGuard,PermissionsGuard	
POST	/api/v1/meetings	src/modules/meetings/controllers/meetings.controller.ts:143	createMeeting	meeting.create	JwtAuthGuard,PermissionsGuard	
GET	/api/v1/meetings/:meetingId	src/modules/meetings/controllers/meetings.controller.ts:278	getMeetingById		JwtAuthGuard	
PATCH	/api/v1/meetings/:meetingId	src/modules/meetings/controllers/meetings.controller.ts:304	updateMeeting	meeting.update.own	JwtAuthGuard,PermissionsGuard	
GET	/api/v1/meetings/:meetingId/agendas	src/modules/meetings/controllers/meetings.controller.ts:1026	getAgendas		JwtAuthGuard	
PUT	/api/v1/meetings/:meetingId/agendas	src/modules/meetings/controllers/meetings.controller.ts:1061	replaceAgendas		JwtAuthGuard	
DELETE	/api/v1/meetings/:meetingId/agendas/:agendaId	src/modules/meetings/controllers/meetings.controller.ts:1211	deleteAgendaItem		JwtAuthGuard	
PATCH	/api/v1/meetings/:meetingId/agendas/:agendaId	src/modules/meetings/controllers/meetings.controller.ts:1132	updateAgendaItem		JwtAuthGuard	
GET	/api/v1/meetings/:meetingId/attendance	src/modules/attendance/controllers/attendance.controller.ts:43	getAttendanceList	attendance.read	JwtAuthGuard|JwtAuthGuard|PermissionsGuard	
POST	/api/v1/meetings/:meetingId/attendance	src/modules/attendance/controllers/manual-attendance.controller.ts:59	create	attendance.manual.create	JwtAuthGuard,PermissionsGuard	
GET	/api/v1/meetings/:meetingId/attendance/:recordId	src/modules/attendance/controllers/attendance.controller.ts:88	getAttendanceRecordDetail	attendance.read	JwtAuthGuard|PermissionsGuard	
PATCH	/api/v1/meetings/:meetingId/attendance/:recordId	src/modules/attendance/controllers/manual-attendance.controller.ts:131	updateProfile	attendance.manual.update	JwtAuthGuard,PermissionsGuard	
POST	/api/v1/meetings/:meetingId/attendance/:recordId/invalidate	src/modules/attendance/controllers/manual-attendance.controller.ts:168	invalidate	attendance.invalidate	JwtAuthGuard,PermissionsGuard	
PATCH	/api/v1/meetings/:meetingId/attendance/:recordId/status	src/modules/attendance/controllers/manual-attendance.controller.ts:96	updateStatus	attendance.manual.update	JwtAuthGuard,PermissionsGuard	
GET	/api/v1/meetings/:meetingId/available-rooms	src/modules/meetings/controllers/meetings.controller.ts:355	getAvailableRoomsForMeeting		JwtAuthGuard	
POST	/api/v1/meetings/:meetingId/cancel	src/modules/meetings/controllers/meetings.controller.ts:579	cancelMeeting	meeting.cancel.own	JwtAuthGuard,PermissionsGuard	
POST	/api/v1/meetings/:meetingId/cancellation-notifications	src/modules/notifications/notifications.controller.ts:96	resendCancellation	notification.cancellation.send	JwtAuthGuard,PermissionsGuard	
POST	/api/v1/meetings/:meetingId/extension-requests	src/modules/live-meeting/controllers/live-meeting.controller.ts:120	requestExtension	meeting.extension.request.own	JwtAuthGuard,PermissionsGuard	
POST	/api/v1/meetings/:meetingId/invitations	src/modules/notifications/notifications.controller.ts:56	sendInvitation	notification.invite.send	JwtAuthGuard,PermissionsGuard|JwtAuthGuard,PermissionsGuard	
GET	/api/v1/meetings/:meetingId/media-files	src/modules/recording/controllers/media-files.controller.ts:34	list	recording.files.read	JwtAuthGuard,PermissionsGuard	
POST	/api/v1/meetings/:meetingId/minutes	src/modules/minutes/controllers/minutes.controller.ts:35	createDraftMinutes	meeting.minutes.create	JwtAuthGuard,PermissionsGuard	
GET	/api/v1/meetings/:meetingId/minutes/ai-draft-config	src/modules/minutes/controllers/minutes-ai-draft.controller.ts:146	getAiDraftConfig		JwtAuthGuard	
GET	/api/v1/meetings/:meetingId/minutes/ai-draft-jobs	src/modules/minutes/controllers/minutes-ai-draft.controller.ts:105	listAiDraftJobs		JwtAuthGuard	
POST	/api/v1/meetings/:meetingId/minutes/ai-draft-jobs	src/modules/minutes/controllers/minutes-ai-draft.controller.ts:39	createAiDraftJob	AI_MINUTES_PERMISSION_CREATE	JwtAuthGuard,PermissionsGuard	
POST	/api/v1/meetings/:meetingId/minutes/distributions	src/modules/notifications/notifications.controller.ts:117	distributeMinutes	minutes.distribute	JwtAuthGuard,PermissionsGuard	
GET	/api/v1/meetings/:meetingId/notes	src/modules/live-meeting/controllers/live-meeting.controller.ts:624	listNotes	meeting.note.read	JwtAuthGuard,PermissionsGuard	
POST	/api/v1/meetings/:meetingId/notes	src/modules/live-meeting/controllers/live-meeting.controller.ts:564	createNote	meeting.note.create	JwtAuthGuard,PermissionsGuard	
DELETE	/api/v1/meetings/:meetingId/participants/:participantUserId	src/modules/meetings/controllers/meetings.controller.ts:897	removeParticipant		JwtAuthGuard	
POST	/api/v1/meetings/:meetingId/participants/external	src/modules/meetings/controllers/meetings.controller.ts:950	addExternalParticipant	meeting.participant.add.external	JwtAuthGuard,PermissionsGuard	
DELETE	/api/v1/meetings/:meetingId/participants/external/:externalParticipantId	src/modules/meetings/controllers/meetings.controller.ts:986	removeExternalParticipant		JwtAuthGuard	
POST	/api/v1/meetings/:meetingId/participants/import	src/modules/meetings/controllers/meetings.controller.ts:467	importParticipants	meeting.participant.import	JwtAuthGuard,PermissionsGuard	
GET	/api/v1/meetings/:meetingId/participants/import/template	src/modules/meetings/controllers/meetings.controller.ts:443	downloadImportTemplate	meeting.participant.import	JwtAuthGuard,PermissionsGuard	
POST	/api/v1/meetings/:meetingId/participants/internal	src/modules/meetings/controllers/meetings.controller.ts:392	addInternalParticipant	meeting.participant.add.internal	JwtAuthGuard,PermissionsGuard	
GET	/api/v1/meetings/:meetingId/recording-config	src/modules/recording/controllers/recording-config.controller.ts:58	findOne	recording.config.read	JwtAuthGuard,PermissionsGuard	
PATCH	/api/v1/meetings/:meetingId/recording-config	src/modules/recording/controllers/recording-config.controller.ts:72	update	recording.config.update	JwtAuthGuard,PermissionsGuard	
POST	/api/v1/meetings/:meetingId/recording-config	src/modules/recording/controllers/recording-config.controller.ts:29	create	recording.config.create	JwtAuthGuard,PermissionsGuard	
GET	/api/v1/meetings/:meetingId/recording-sessions	src/modules/recording/controllers/recording-session.controller.ts:184	listRecordingSessions	transcript.read	JwtAuthGuard,PermissionsGuard	
POST	/api/v1/meetings/:meetingId/recording-sessions	src/modules/recording/controllers/recording-session.controller.ts:156	createAudioSession	transcript.create	JwtAuthGuard,PermissionsGuard	
POST	/api/v1/meetings/:meetingId/recording-sessions/:sessionId/audio-tracks	src/modules/recording/controllers/recording-session.controller.ts:205	uploadAudioTrack	recording.upload_track	JwtAuthGuard,PermissionsGuard	
POST	/api/v1/meetings/:meetingId/recording-sessions/audio-upload	src/modules/recording/controllers/recording-session.controller.ts:126	uploadAudio	transcript.create	JwtAuthGuard,PermissionsGuard	
POST	/api/v1/meetings/:meetingId/reminders	src/modules/notifications/notifications.controller.ts:76	sendReminder	notification.reminder.send	JwtAuthGuard,PermissionsGuard	
PATCH	/api/v1/meetings/:meetingId/room	src/modules/meetings/controllers/meetings.controller.ts:528	updateMeetingRoom	meeting.room.update	JwtAuthGuard,PermissionsGuard	
PATCH	/api/v1/meetings/:meetingId/time	src/modules/meetings/controllers/meetings.controller.ts:192	updateMeetingTime	meeting.time.update	JwtAuthGuard,PermissionsGuard	
GET	/api/v1/meetings/:meetingId/timeline	src/modules/live-meeting/controllers/live-meeting.controller.ts:746	getMeetingTimeline	meeting.timeline.read	JwtAuthGuard,PermissionsGuard	
GET	/api/v1/meetings/:meetingId/transcript	src/modules/transcription/transcription.controller.ts:102	getTranscript	transcript.read	JwtAuthGuard,PermissionsGuard	
GET	/api/v1/meetings/:meetingId/transcription-jobs	src/modules/transcription/transcription.controller.ts:78	getTranscriptionJobs	transcript.read	JwtAuthGuard,PermissionsGuard	
POST	/api/v1/meetings/:meetingId/transcription-jobs	src/modules/transcription/transcription.controller.ts:41	createJob	transcript.create	JwtAuthGuard,PermissionsGuard	
GET	/api/v1/no-show-cases	src/modules/rooms/controllers/no-show.controller.ts:59	list	room.noshow.read	JwtAuthGuard,PermissionsGuard	
PATCH	/api/v1/no-show-cases/:id	src/modules/rooms/controllers/no-show.controller.ts:74	update	room.noshow.update	JwtAuthGuard,PermissionsGuard	
POST	/api/v1/no-show-cases/:id/release	src/modules/rooms/controllers/no-show.controller.ts:95	release	room.noshow.release	JwtAuthGuard,PermissionsGuard	
GET	/api/v1/no-show-config	src/modules/rooms/controllers/no-show-config.controller.ts:27	get	room.noshow.configure	JwtAuthGuard,PermissionsGuard	
PUT	/api/v1/no-show-config	src/modules/rooms/controllers/no-show-config.controller.ts:35	update	room.noshow.configure	JwtAuthGuard,PermissionsGuard	
GET	/api/v1/notifications	src/modules/notifications/notifications.controller.ts:138	listMyNotifications	notification.read.self	JwtAuthGuard,PermissionsGuard	
GET	/api/v1/notifications/:id	src/modules/notifications/notifications.controller.ts:155	getNotificationDetail	notification.read.self	JwtAuthGuard,PermissionsGuard	
PATCH	/api/v1/notifications/:id/read	src/modules/notifications/notifications.controller.ts:179	markNotificationRead	notification.update.self	JwtAuthGuard,PermissionsGuard	
PATCH	/api/v1/notifications/read-all	src/modules/notifications/notifications.controller.ts:171	markAllNotificationsRead	notification.update.self	JwtAuthGuard,PermissionsGuard	
GET	/api/v1/permissions	src/modules/accounts/controllers/permissions.controller.ts:28	findAll	admin.manage_permissions,permission.read	JwtAuthGuard,PermissionsGuard|JwtAuthGuard,PermissionsGuard	
POST	/api/v1/permissions	src/modules/accounts/controllers/permissions.controller.ts:58	create	admin.manage_permissions	JwtAuthGuard,PermissionsGuard	
GET	/api/v1/permissions/:id	src/modules/accounts/controllers/permissions.controller.ts:47	findOne	admin.manage_permissions,permission.read	JwtAuthGuard,PermissionsGuard	
PATCH	/api/v1/permissions/:id	src/modules/accounts/controllers/permissions.controller.ts:81	update	admin.manage_permissions	JwtAuthGuard,PermissionsGuard	
POST	/api/v1/permissions/:id/toggle-active	src/modules/accounts/controllers/permissions.controller.ts:117	toggleActive	admin.manage_permissions	JwtAuthGuard,PermissionsGuard	
GET	/api/v1/person-control-list	src/modules/alerts/controllers/person-control-list.controller.ts:60	list	person_control_list.read	JwtAuthGuard,PermissionsGuard	
POST	/api/v1/person-control-list	src/modules/alerts/controllers/person-control-list.controller.ts:44	create	person_control_list.create	JwtAuthGuard,PermissionsGuard|JwtAuthGuard,PermissionsGuard	
DELETE	/api/v1/person-control-list/:id	src/modules/alerts/controllers/person-control-list.controller.ts:99	remove	person_control_list.delete	JwtAuthGuard,PermissionsGuard	
GET	/api/v1/person-control-list/:id	src/modules/alerts/controllers/person-control-list.controller.ts:73	detail	person_control_list.read	JwtAuthGuard,PermissionsGuard	
PATCH	/api/v1/person-control-list/:id	src/modules/alerts/controllers/person-control-list.controller.ts:84	update	person_control_list.update	JwtAuthGuard,PermissionsGuard	
POST	/api/v1/reports/gate-access/exports	src/modules/reports/controllers/gate-access-report.controller.ts:31	createExport	report.gate_access.export	JwtAuthGuard,PermissionsGuard|JwtAuthGuard,PermissionsGuard	
POST	/api/v1/reports/meeting-activity/exports	src/modules/reports/controllers/meeting-activity-report.controller.ts:38	createExport	report.meeting_activity.export	JwtAuthGuard,PermissionsGuard|JwtAuthGuard,PermissionsGuard	
POST	/api/v1/reports/room-utilization/exports	src/modules/reports/controllers/room-utilization-report.controller.ts:38	createExport	report.room_utilization.export	JwtAuthGuard,PermissionsGuard|JwtAuthGuard,PermissionsGuard	
POST	/api/v1/reports/security-alert/exports	src/modules/reports/controllers/security-alert-report.controller.ts:31	createExport	report.security_alert.export	JwtAuthGuard,PermissionsGuard|JwtAuthGuard,PermissionsGuard	
POST	/api/v1/reports/vehicle/exports	src/modules/reports/controllers/vehicle-report.controller.ts:29	createExport	report.vehicle.export	JwtAuthGuard,PermissionsGuard|JwtAuthGuard,PermissionsGuard	
GET	/api/v1/roles	src/modules/accounts/controllers/roles.controller.ts:30	findAll	account.role.read	JwtAuthGuard,PermissionsGuard|JwtAuthGuard,PermissionsGuard	
POST	/api/v1/roles	src/modules/accounts/controllers/roles.controller.ts:60	create	account.role.create	JwtAuthGuard,PermissionsGuard	
DELETE	/api/v1/roles/:id	src/modules/accounts/controllers/roles.controller.ts:129	remove	account.role.delete	JwtAuthGuard,PermissionsGuard	
GET	/api/v1/roles/:id	src/modules/accounts/controllers/roles.controller.ts:49	findOne	account.role.read	JwtAuthGuard,PermissionsGuard	
PATCH	/api/v1/roles/:id	src/modules/accounts/controllers/roles.controller.ts:83	update	account.role.update	JwtAuthGuard,PermissionsGuard	
GET	/api/v1/roles/:roleId/permissions	src/modules/accounts/controllers/role-permissions.controller.ts:27	findByRole	admin.manage_permissions	JwtAuthGuard,PermissionsGuard|JwtAuthGuard,PermissionsGuard	
POST	/api/v1/roles/:roleId/permissions	src/modules/accounts/controllers/role-permissions.controller.ts:38	assign	admin.manage_permissions	JwtAuthGuard,PermissionsGuard	
DELETE	/api/v1/roles/:roleId/permissions/:permissionId	src/modules/accounts/controllers/role-permissions.controller.ts:70	revoke	admin.manage_permissions	JwtAuthGuard,PermissionsGuard	
GET	/api/v1/room-bookings	src/modules/rooms/controllers/room-bookings.controller.ts:39	findAll	room.booking.read	JwtAuthGuard|JwtAuthGuard|PermissionsGuard	
POST	/api/v1/room-camera/occupancy-snapshots	src/modules/presence/controllers/room-camera.controller.ts:16	occupancySnapshot			
POST	/api/v1/rooms	src/modules/rooms/controllers/rooms.controller.ts:84	create	room.create	JwtAuthGuard|PermissionsGuard	
DELETE	/api/v1/rooms/:roomId	src/modules/rooms/controllers/rooms.controller.ts:205	deleteRoom	room.delete	JwtAuthGuard|PermissionsGuard	
PATCH	/api/v1/rooms/:roomId	src/modules/rooms/controllers/rooms.controller.ts:128	update	room.update	JwtAuthGuard|PermissionsGuard	
GET	/api/v1/rooms/:roomId/deletion-impact	src/modules/rooms/controllers/rooms.controller.ts:177	deletionImpact	room.delete	JwtAuthGuard|PermissionsGuard	
GET	/api/v1/rooms/:roomId/status	src/modules/rooms/controllers/rooms.controller.ts:253	roomStatus	room.utilization.read	JwtAuthGuard|PermissionsGuard	
GET	/api/v1/rooms/available	src/modules/meetings/controllers/meetings.controller.ts:660	getAvailableRooms		JwtAuthGuard	
GET	/api/v1/rooms/realtime-status	src/modules/rooms/controllers/rooms.controller.ts:238	realtimeStatus	room.utilization.read	JwtAuthGuard|PermissionsGuard	
GET	/api/v1/rooms/search	src/modules/rooms/controllers/rooms.controller.ts:60	search		JwtAuthGuard|JwtAuthGuard	
POST	/api/v1/scheduling/participant-conflicts/check	src/modules/scheduling/scheduling.controller.ts:91	checkParticipantConflicts	scheduling.conflict.participant.check	JwtAuthGuard,PermissionsGuard	
GET	/api/v1/scheduling/room-suggestions	src/modules/scheduling/scheduling.controller.ts:42	getRoomSuggestions	scheduling.suggest.rooms	JwtAuthGuard,PermissionsGuard	
POST	/api/v1/scheduling/time-suggestions	src/modules/scheduling/scheduling.controller.ts:133	suggestTimeSlots	scheduling.suggest.times	JwtAuthGuard,PermissionsGuard	
GET	/api/v1/search	src/modules/search/controllers/search.controller.ts:29	search		JwtAuthGuard	
GET	/api/v1/security-alerts	src/modules/alerts/controllers/alerts.controller.ts:40	list	security_alert.read	JwtAuthGuard,PermissionsGuard|JwtAuthGuard,PermissionsGuard	
GET	/api/v1/security-alerts/:id	src/modules/alerts/controllers/alerts.controller.ts:53	detail	security_alert.read	JwtAuthGuard,PermissionsGuard	
POST	/api/v1/security-alerts/:id/acknowledge	src/modules/alerts/controllers/alerts.controller.ts:68	acknowledge	security_alert.acknowledge	JwtAuthGuard,PermissionsGuard	
POST	/api/v1/security-alerts/:id/resolve	src/modules/alerts/controllers/alerts.controller.ts:82	resolve	security_alert.resolve	JwtAuthGuard,PermissionsGuard	
POST	/api/v1/security-alerts/bulk-acknowledge	src/modules/alerts/controllers/alerts.controller.ts:98	bulkAcknowledge	security_alert.acknowledge	JwtAuthGuard,PermissionsGuard	
GET	/api/v1/sf/:deviceCode/:callbackToken	src/modules/iot/controllers/stranger-short-device-callbacks.controller.ts:9	handleStrangerGet			
POST	/api/v1/sf/:deviceCode/:callbackToken	src/modules/iot/controllers/stranger-short-device-callbacks.controller.ts:14	handleStrangerPost			
GET	/api/v1/system-configurations	src/modules/administration/controllers/system-config.controller.ts:50	list	admin.manage_config	JwtAuthGuard,PermissionsGuard|JwtAuthGuard,PermissionsGuard	
PATCH	/api/v1/system-configurations	src/modules/administration/controllers/system-config.controller.ts:75	update	'admin.manage_config'(class)	JwtAuthGuard,PermissionsGuard	
PATCH	/api/v1/transcripts/:transcriptId/content	src/modules/transcription/transcript-segments.controller.ts:78	updateContent	transcript.update	JwtAuthGuard,PermissionsGuard	
PATCH	/api/v1/transcripts/:transcriptId/segments	src/modules/transcription/transcript-segments.controller.ts:43	updateSegments	transcript.update	JwtAuthGuard,PermissionsGuard	
PATCH	/api/v1/transcripts/:transcriptId/status	src/modules/transcription/transcript-segments.controller.ts:115	updateStatus	transcript.update	JwtAuthGuard,PermissionsGuard	
GET	/api/v1/users	src/modules/accounts/controllers/users.controller.ts:652	listUsers	accounts.user.list	JwtAuthGuard,PermissionsGuard	
POST	/api/v1/users	src/modules/accounts/controllers/users.controller.ts:74	createUser	accounts.user.create	JwtAuthGuard,PermissionsGuard	
DELETE	/api/v1/users/:userId	src/modules/accounts/controllers/users.controller.ts:592	deleteUser	accounts.user.delete	JwtAuthGuard,PermissionsGuard	
GET	/api/v1/users/:userId	src/modules/accounts/controllers/users.controller.ts:797	getUserDetail	account.user.read.detail	JwtAuthGuard,PermissionsGuard	
PATCH	/api/v1/users/:userId	src/modules/accounts/controllers/users.controller.ts:517	updateUser	accounts.user.update	JwtAuthGuard,PermissionsGuard	
POST	/api/v1/users/:userId/face-profile	src/modules/accounts/controllers/face-profile.controller.ts:34	enroll		JwtAuthGuard,MockPermissionsGuard	
PATCH	/api/v1/users/:userId/lock	src/modules/accounts/controllers/users.controller.ts:375	lockUser	accounts.user.lock	JwtAuthGuard,PermissionsGuard	
GET	/api/v1/users/:userId/public-profile	src/modules/accounts/controllers/users.controller.ts:865	getPublicProfile		JwtAuthGuard	
PUT	/api/v1/users/:userId/roles	src/modules/accounts/controllers/users.controller.ts:219	updateUserRoles	accounts.user.update_roles	JwtAuthGuard,PermissionsGuard	
PATCH	/api/v1/users/:userId/status	src/modules/accounts/controllers/users.controller.ts:297	updateUserStatus	accounts.user.update_status	JwtAuthGuard,PermissionsGuard	
PATCH	/api/v1/users/:userId/unlock	src/modules/accounts/controllers/users.controller.ts:451	unlockUser	accounts.user.unlock	JwtAuthGuard,PermissionsGuard	
GET	/api/v1/users/export	src/modules/accounts/controllers/users.controller.ts:752	exportUsers	accounts.user.export	JwtAuthGuard,PermissionsGuard	
POST	/api/v1/users/import	src/modules/accounts/controllers/users.controller.ts:148	importAccounts	accounts.user.import	JwtAuthGuard,PermissionsGuard	
GET	/api/v1/users/import/template	src/modules/accounts/controllers/users.controller.ts:129	downloadImportTemplate	accounts.user.import	JwtAuthGuard,PermissionsGuard	
GET	/api/v1/users/manage	src/modules/accounts/controllers/users.controller.ts:696	listUsersForManagement	accounts.user.manage	JwtAuthGuard,PermissionsGuard	
GET	/api/v1/vf/:deviceCode/:callbackToken	src/modules/iot/controllers/verify-short-device-callbacks.controller.ts:22	handleVerifyGetWithParams			
POST	/api/v1/vf/:deviceCode/:callbackToken	src/modules/iot/controllers/verify-short-device-callbacks.controller.ts:28	handleVerifyPostWithParams			
GET	/api/v1/zones	src/modules/zones/controllers/zones.controller.ts:56	list	zones.zone.read	JwtAuthGuard,PermissionsGuard	
POST	/api/v1/zones	src/modules/zones/controllers/zones.controller.ts:85	create	zones.zone.create	JwtAuthGuard,PermissionsGuard	
DELETE	/api/v1/zones/:id	src/modules/zones/controllers/zones.controller.ts:192	remove	zones.zone.delete	JwtAuthGuard,PermissionsGuard	
GET	/api/v1/zones/:id	src/modules/zones/controllers/zones.controller.ts:72	detail	zones.zone.read	JwtAuthGuard,PermissionsGuard	
PATCH	/api/v1/zones/:id	src/modules/zones/controllers/zones.controller.ts:170	update	zones.zone.update	JwtAuthGuard,PermissionsGuard	
PATCH	/api/v1/zones/:id/devices	src/modules/zones/controllers/zones.controller.ts:113	assignDevices	zones.zone.assign_device	JwtAuthGuard,PermissionsGuard	
DELETE	/api/v1/zones/:id/devices/:deviceId	src/modules/zones/controllers/zones.controller.ts:142	unassignDevice	zones.zone.assign_device	JwtAuthGuard,PermissionsGuard	