METHOD	PATH	FILE:LINE	FUNC	QS
GET	/admin/biometric-submissions	src/service/avatarReviewService.js:9	query	QS
GET	/admin/biometric-submissions/:param	src/service/avatarReviewService.js:13	getAvatarSubmissionDetail	
POST	/admin/biometric-submissions/:param/approve	src/service/avatarReviewService.js:19	approveAvatarSubmission	
GET	/admin/biometric-submissions/:param/download-url	src/service/avatarReviewService.js:16	getAvatarDownloadUrl	
POST	/admin/biometric-submissions/:param/reject	src/service/avatarReviewService.js:22	rejectAvatarSubmission	
GET	/admin/gate-access-logs	src/service/sysAdminServices.js:390	query	QS
GET	/alert-rules	src/service/alertRuleService.js:17	query	QS
POST	/alert-rules	src/service/alertRuleService.js:34	createAlertRule	
GET	/alert-rules/:param	src/service/alertRuleService.js:25	getAlertRuleById	
PATCH	/alert-rules/:param	src/service/alertRuleService.js:43	updateAlertRule	
GET	/analytics/attendance/on-time-rate	src/service/businessAdminServices.js:19	query	QS
GET	/analytics/attendance/on-time-rate	src/service/businessAdminServices.js:34	query	QS
GET	/analytics/attendance/on-time-rate	src/service/managerServices.js:33	query	QS
GET	/analytics/attendance/on-time-rate	src/service/sysAdminServices.js:32	query	QS
GET	/analytics/attendance/on-time-rate/users/:param/late-history	src/pages/shared/EmployeeOnTimeAnalytics.jsx:65	res	QS
GET	/analytics/dashboard/overview	src/service/businessAdminServices.js:9	query	QS
GET	/analytics/dashboard/overview	src/service/managerServices.js:13	query	QS
GET	/analytics/dashboard/overview	src/service/sysAdminServices.js:12	getDashboardOverview	
GET	/analytics/meetings/average-duration	src/service/businessAdminServices.js:49	query	QS
GET	/analytics/meetings/average-duration	src/service/managerServices.js:57	query	QS
GET	/analytics/meetings/cancel-rate	src/service/businessAdminServices.js:54	query	QS
GET	/analytics/meetings/cancel-rate	src/service/managerServices.js:65	query	QS
GET	/analytics/meetings/count-by-period	src/service/businessAdminServices.js:39	query	QS
GET	/analytics/meetings/count-by-period	src/service/managerServices.js:41	query	QS
GET	/analytics/meetings/status-breakdown	src/service/businessAdminServices.js:44	query	QS
GET	/analytics/meetings/status-breakdown	src/service/managerServices.js:49	query	QS
GET	/analytics/rooms/:param/detail	src/pages/shared/RoomUsageAnalytics.jsx:63	res	QS
GET	/analytics/rooms/dashboard	src/service/businessAdminServices.js:14	query	QS
GET	/analytics/rooms/dashboard	src/service/managerServices.js:21	query	QS
GET	/analytics/rooms/dashboard	src/service/sysAdminServices.js:22	query	QS
GET	/analytics/rooms/no-show-rate	src/service/businessAdminServices.js:29	query	QS
GET	/analytics/rooms/no-show-rate	src/service/managerServices.js:73	query	QS
GET	/analytics/rooms/no-show-rate	src/service/sysAdminServices.js:42	query	QS
GET	/analytics/rooms/utilization-rate	src/service/businessAdminServices.js:24	query	QS
GET	/anpr/admin/control-list	src/service/anprService.js:115	query	QS
POST	/anpr/admin/control-list	src/service/anprService.js:106	createVehicleControlRecord	
POST	/anpr/admin/control-list	src/service/sysAdminServices.js:506	createVehicleControl	
DELETE	/anpr/admin/control-list/:param	src/service/sysAdminServices.js:514	deleteVehicleControl	
GET	/anpr/admin/control-list/:param	src/service/anprService.js:123	getVehicleControlRecordById	
GET	/anpr/admin/control-list/:param	src/service/sysAdminServices.js:502	getVehicleControlDetail	
PATCH	/anpr/admin/control-list/:param	src/service/anprService.js:132	updateVehicleControlRecord	
PATCH	/anpr/admin/control-list/:param	src/service/sysAdminServices.js:510	updateVehicleControl	
GET	/anpr/admin/unknown-vehicles	src/service/anprService.js:93	query	QS
GET	/anpr/admin/vehicle-history	src/service/anprService.js:84	query	QS
GET	/anpr/admin/vehicle-registrations	src/service/sysAdminServices.js:519	query	QS
POST	/anpr/admin/vehicle-registrations	src/service/anprService.js:65	adminRegisterVehicle	
GET	/anpr/vehicle-history	src/service/anprService.js:74	query	QS
GET	/anpr/vehicle-registrations	src/service/anprService.js:13	query	QS
POST	/anpr/vehicle-registrations	src/service/anprService.js:30	createMyVehicle	
GET	/anpr/vehicle-registrations/:param	src/service/anprService.js:21	getMyVehicleById	
PATCH	/anpr/vehicle-registrations/:param	src/service/anprService.js:38	updateMyVehicle	
PATCH	/anpr/vehicle-registrations/:param/status	src/service/anprService.js:48	beStatus	
GET	/audit-logs	src/service/businessAdminServices.js:120	query	QS
GET	/audit-logs	src/service/sysAdminServices.js:151	query	QS
GET	/audit-logs	src/service/sysAdminServices.js:227	query	QS
PATCH	/auth/change-password	src/service/authService.js:57	changePassword	
POST	/auth/login	src/service/authService.js:10	login	
POST	/auth/logout	src/service/authService.js:19	logout	
GET	/auth/me	src/service/authService.js:65	getCurrentUser	
POST	/auth/password-reset/confirm	src/service/authService.js:46	confirmPasswordReset	
POST	/auth/password-reset/request	src/service/authService.js:34	requestPasswordResetOtp	
GET	/background-jobs/:param	src/component/ExportReportModal.jsx:40	res	
GET	/background-jobs/:param	src/service/businessAdminServices.js:164	getBackgroundJobStatus	
GET	/background-jobs/:param	src/service/minutesServices.js:75	getBackgroundJob	
GET	/background-jobs/:param	src/service/sysAdminServices.js:318	getBackgroundJobStatus	
GET	/campus-dashboard/business-admin-summary	src/service/campusService.js:38	getBusinessAdminSummary	
GET	/campus-dashboard/employee-summary	src/service/campusService.js:29	getEmployeeSummary	
GET	/campus-dashboard/manager-summary	src/service/campusService.js:20	getManagerSummary	
GET	/campus/user-journey	src/service/campusService.js:11	query	QS
GET	/departments	src/service/businessAdminServices.js:146	query	QS
GET	/departments	src/service/managerServices.js:131	query	QS
GET	/departments	src/service/sysAdminServices.js:266	query	QS
POST	/departments	src/service/businessAdminServices.js:150	createDepartment	
POST	/departments	src/service/sysAdminServices.js:275	createDepartment	
PATCH	/departments/:param	src/service/businessAdminServices.js:154	updateDepartment	
PATCH	/departments/:param	src/service/sysAdminServices.js:285	updateDepartment	
GET	/early-vacancy-config	src/service/sysAdminServices.js:560	getEarlyVacancyConfig	
REQ	/early-vacancy-config	src/service/sysAdminServices.js:565	updateEarlyVacancyConfig	
GET	/equipments	src/service/equipmentServices.js:10	query	QS
POST	/equipments	src/service/equipmentServices.js:19	createEquipment	
DELETE	/equipments/:param	src/service/equipmentServices.js:49	deleteEquipment	
PATCH	/equipments/:param/assignment	src/service/equipmentServices.js:39	assignEquipment	
PATCH	/equipments/:param/fault	src/service/equipmentServices.js:29	reportEquipmentFault	
GET	/face-access/stranger-alerts	src/service/businessAdminServices.js:207	query	QS
GET	/face-access/unmapped-verifies	src/service/sysAdminServices.js:459	query	QS
POST	/face-access/unmapped-verifies/map	src/service/sysAdminServices.js:467	mapUnmappedVerify	
GET	/gate-access/admin/history	src/service/sysAdminServices.js:398	query	QS
GET	/gate-access/admin/history/:param	src/service/sysAdminServices.js:405	getAdminGateAccessHistoryDetail	
GET	/gate-access/admin/vehicle-traffic-stats	src/service/sysAdminServices.js:413	query	QS
GET	/iot-devices	src/service/employeeServices.js:272	getRoomDevices	QS
GET	/iot-devices	src/service/managerServices.js:356	getRoomDevices	QS
GET	/iot-devices	src/service/sysAdminServices.js:183	query	QS
POST	/iot-devices	src/service/sysAdminServices.js:201	registerDevice	
GET	/iot-devices/:param	src/service/sysAdminServices.js:192	getDeviceById	
PATCH	/iot-devices/:param	src/service/sysAdminServices.js:211	updateDevice	
POST	/iot-devices/:param/assign-room	src/service/sysAdminServices.js:422	assignDeviceRoom	
POST	/iot-devices/:param/check-availability	src/service/sysAdminServices.js:446	checkDeviceAvailability	
POST	/iot-devices/:param/disable	src/service/sysAdminServices.js:438	disableDevice	
POST	/iot-devices/:param/enable	src/service/sysAdminServices.js:442	enableDevice	
POST	/iot-devices/:param/face-server/revoke	src/service/sysAdminServices.js:434	revokeFaceServerToken	
POST	/iot-devices/:param/face-server/rotate	src/service/sysAdminServices.js:430	rotateFaceServerToken	
PATCH	/iot-devices/:param/rtsp-config	src/service/sysAdminServices.js:426	configDeviceRtsp	
GET	/ivss/meetings/:param/presence	src/service/managerServices.js:182	getMeetingPresence	
GET	/ivss/meetings/:param/presence/:param	src/service/managerServices.js:186	getUserPresence	
GET	/ivss/meetings/:param/presence/report	src/service/managerServices.js:190	getMeetingPresenceReport	
GET	/ivss/rooms/:param/access-log	src/service/sysAdminServices.js:570	getRoomAccessLog	QS
POST	/live-meetings/:param/end	src/service/employeeServices.js:223	endMeeting	
POST	/live-meetings/:param/end	src/service/managerServices.js:282	endMeeting	
POST	/live-meetings/:param/extension-requests/:param/decide	src/service/employeeServices.js:248	decideExtension	
POST	/live-meetings/:param/extension-requests/:param/decide	src/service/managerServices.js:332	decideExtension	
GET	/live-meetings/:param/present-attendees	src/service/employeeServices.js:232	query	QS
GET	/live-meetings/:param/present-attendees	src/service/managerServices.js:316	query	QS
POST	/live-meetings/:param/recording/:param/pause-video	src/service/employeeServices.js:260	pauseVideoRecording	
POST	/live-meetings/:param/recording/:param/pause-video	src/service/managerServices.js:344	pauseVideoRecording	
POST	/live-meetings/:param/recording/:param/resume-video	src/service/employeeServices.js:264	resumeVideoRecording	
POST	/live-meetings/:param/recording/:param/resume-video	src/service/managerServices.js:348	resumeVideoRecording	
GET	/live-meetings/:param/recording/:param/status	src/service/employeeServices.js:276	getRecordingStatus	
GET	/live-meetings/:param/recording/:param/status	src/service/managerServices.js:365	getRecordingStatus	
POST	/live-meetings/:param/recording/:param/stop-video	src/service/employeeServices.js:268	stopVideoRecording	
POST	/live-meetings/:param/recording/:param/stop-video	src/service/managerServices.js:352	stopVideoRecording	
POST	/live-meetings/:param/recording/start-video	src/service/employeeServices.js:256	startVideoRecording	
POST	/live-meetings/:param/recording/start-video	src/service/managerServices.js:340	startVideoRecording	
POST	/live-meetings/:param/start	src/service/employeeServices.js:168	startMeeting	
POST	/live-meetings/:param/start	src/service/managerServices.js:232	startMeeting	
POST	/me/avatar	src/service/avatarService.js:25	formData	
GET	/me/biometric-status	src/service/avatarService.js:4	getBiometricStatus	
POST	/me/biometric-submission	src/service/avatarService.js:15	formData	
GET	/me/schedule	src/service/employeeServices.js:76	query	QS
GET	/me/schedule	src/service/managerServices.js:140	query	QS
GET	/media-files/:param/playback	src/service/businessAdminServices.js:290	getMediaFilePlayback	
GET	/media-files/:param/playback	src/service/employeeServices.js:186	getMediaFilePlayback	
GET	/media-files/:param/secure-download	src/service/businessAdminServices.js:281	getMediaFileSecureDownload	
GET	/media-files/:param/secure-download	src/service/employeeServices.js:177	getMediaFileSecureDownload	
PATCH	/media-files/:param/visibility	src/service/businessAdminServices.js:300	updateMediaVisibility	
PATCH	/media-files/:param/visibility	src/service/managerServices.js:261	updateMediaVisibility	
GET	/meeting-minutes	src/components/minutes/MinutesTabContent.jsx:51	minutesListRes	
DELETE	/meeting-minutes/:param	src/service/minutesServices.js:59	deleteMeetingMinutes	
GET	/meeting-minutes/:param	src/service/minutesServices.js:42	getMeetingMinutesById	
PATCH	/meeting-minutes/:param	src/service/minutesServices.js:51	updateMeetingMinutes	
GET	/meeting-minutes/:param/attachments	src/service/businessAdminServices.js:437	getMinutesAttachments	
POST	/meeting-minutes/:param/attachments	src/service/businessAdminServices.js:432	uploadMinutesAttachment	
DELETE	/meeting-minutes/:param/attachments/:param	src/service/businessAdminServices.js:442	deleteMinutesAttachment	
POST	/meeting-minutes/:param/exports	src/service/businessAdminServices.js:427	exportMinutes	
POST	/meeting-minutes/:param/issue	src/service/minutesServices.js:67	issueMeetingMinutes	
PATCH	/meeting-minutes/:param/link-resources	src/service/businessAdminServices.js:407	linkMinutesResources	
GET	/meeting-minutes/:param/shares	src/service/businessAdminServices.js:417	getMinutesShares	
POST	/meeting-minutes/:param/shares	src/service/businessAdminServices.js:412	createMinutesShare	
DELETE	/meeting-minutes/:param/shares/:param	src/service/businessAdminServices.js:422	revokeMinutesShare	
GET	/meeting-minutes/search-by-person	src/service/businessAdminServices.js:402	query	QS
GET	/meeting-requests	src/service/managerServices.js:100	query	QS
POST	/meeting-requests/:param/approve	src/service/managerServices.js:108	approveMeetingRequest	
POST	/meeting-requests/:param/reject	src/service/managerServices.js:116	rejectMeetingRequest	
GET	/meetings	src/service/businessAdminServices.js:233	query	QS
POST	/meetings	src/service/businessAdminServices.js:237	createMeeting	
POST	/meetings	src/service/employeeServices.js:40	createMeeting	
GET	/meetings/:param	src/service/employeeServices.js:122	getMeetingById	
GET	/meetings/:param	src/service/managerServices.js:176	getMeetingById	
PATCH	/meetings/:param	src/service/businessAdminServices.js:241	updateMeeting	
PATCH	/meetings/:param	src/service/employeeServices.js:133	updateMeeting	
PATCH	/meetings/:param	src/service/managerServices.js:197	updateMeeting	
PUT	/meetings/:param/agendas	src/service/employeeServices.js:58	replaceAgendas	
GET	/meetings/:param/attendance	src/service/employeeServices.js:195	query	QS
GET	/meetings/:param/attendance	src/service/managerServices.js:291	query	QS
POST	/meetings/:param/attendance	src/service/managerServices.js:295	manualAttendanceCheckIn	
PATCH	/meetings/:param/attendance/:param	src/service/managerServices.js:303	updateAttendanceRecord	
POST	/meetings/:param/attendance/:param/invalidate	src/service/managerServices.js:307	invalidateAttendanceRecord	
PATCH	/meetings/:param/attendance/:param/status	src/service/employeeServices.js:206	updateAttendanceStatus	
PATCH	/meetings/:param/attendance/:param/status	src/service/managerServices.js:299	updateAttendanceStatus	
GET	/meetings/:param/available-rooms	src/service/businessAdminServices.js:367	query	QS
POST	/meetings/:param/cancel	src/service/businessAdminServices.js:257	cancelMeeting	
POST	/meetings/:param/cancel	src/service/employeeServices.js:152	cancelMeeting	
POST	/meetings/:param/cancel	src/service/managerServices.js:216	cancelMeeting	
POST	/meetings/:param/cancellation-notifications	src/service/businessAdminServices.js:347	sendCancellationNotification	
POST	/meetings/:param/check-in	src/service/employeeServices.js:160	checkInMeeting	
POST	/meetings/:param/check-in	src/service/managerServices.js:224	checkInMeeting	
POST	/meetings/:param/extension-requests	src/service/employeeServices.js:240	requestExtension	
POST	/meetings/:param/extension-requests	src/service/managerServices.js:324	requestExtension	
POST	/meetings/:param/invitations	src/service/businessAdminServices.js:337	sendMeetingInvitations	
GET	/meetings/:param/media-files	src/service/businessAdminServices.js:272	query	QS
GET	/meetings/:param/media-files	src/service/employeeServices.js:126	getMeetingMediaFiles	
GET	/meetings/:param/media-files	src/service/managerServices.js:257	query	QS
POST	/meetings/:param/minutes	src/service/minutesServices.js:34	createManualMinutes	
GET	/meetings/:param/minutes/ai-draft-config	src/service/minutesServices.js:8	getAiDraftConfig	
GET	/meetings/:param/minutes/ai-draft-jobs	src/service/minutesServices.js:25	getAiDraftJobs	
POST	/meetings/:param/minutes/ai-draft-jobs	src/service/minutesServices.js:17	createAiDraftJob	
POST	/meetings/:param/minutes/distributions	src/service/businessAdminServices.js:352	sendMinutesDistribution	
GET	/meetings/:param/notes	src/service/employeeServices.js:211	query	QS
GET	/meetings/:param/notes	src/service/managerServices.js:270	query	QS
POST	/meetings/:param/notes	src/service/employeeServices.js:215	createMeetingNote	
POST	/meetings/:param/notes	src/service/managerServices.js:274	createMeetingNote	
DELETE	/meetings/:param/participants/:param	src/service/businessAdminServices.js:392	removeInternalParticipant	
POST	/meetings/:param/participants/external	src/service/businessAdminServices.js:382	addExternalParticipant	
DELETE	/meetings/:param/participants/external/:param	src/service/businessAdminServices.js:387	removeExternalParticipant	
POST	/meetings/:param/participants/import	src/service/businessAdminServices.js:377	importMeetingParticipants	
GET	/meetings/:param/participants/import/template	src/service/businessAdminServices.js:372	downloadParticipantImportTemplate	
POST	/meetings/:param/participants/internal	src/service/employeeServices.js:67	addInternalParticipant	
GET	/meetings/:param/recording-config	src/service/employeeServices.js:284	getRecordingConfig	
GET	/meetings/:param/recording-config	src/service/managerServices.js:373	getRecordingConfig	
PATCH	/meetings/:param/recording-config	src/service/businessAdminServices.js:253	updateMeetingRecordingConfig	
PATCH	/meetings/:param/recording-config	src/service/employeeServices.js:145	updateMeetingRecordingConfig	
PATCH	/meetings/:param/recording-config	src/service/employeeServices.js:288	updateRecordingConfig	
PATCH	/meetings/:param/recording-config	src/service/managerServices.js:209	updateMeetingRecordingConfig	
PATCH	/meetings/:param/recording-config	src/service/managerServices.js:377	updateRecordingConfig	
POST	/meetings/:param/recording-config	src/service/employeeServices.js:49	addRecordingConfig	
GET	/meetings/:param/recording-sessions	src/service/employeeServices.js:280	getRecordingSessions	
GET	/meetings/:param/recording-sessions	src/service/managerServices.js:369	getRecordingSessions	
POST	/meetings/:param/recording-sessions/audio-upload	src/service/transcriptionServices.js:11	formData	
POST	/meetings/:param/reminders	src/service/businessAdminServices.js:342	sendMeetingReminder	
PATCH	/meetings/:param/room	src/service/businessAdminServices.js:249	updateMeetingRoom	
PATCH	/meetings/:param/room	src/service/employeeServices.js:141	updateMeetingRoom	
PATCH	/meetings/:param/room	src/service/managerServices.js:205	updateMeetingRoom	
PATCH	/meetings/:param/time	src/service/businessAdminServices.js:245	updateMeetingTime	
PATCH	/meetings/:param/time	src/service/employeeServices.js:137	updateMeetingTime	
PATCH	/meetings/:param/time	src/service/managerServices.js:201	updateMeetingTime	
GET	/meetings/:param/transcript	src/components/minutes/MinutesTabContent.jsx:104	tRes	
GET	/meetings/:param/transcript	src/service/transcriptionServices.js:38	query	QS
GET	/meetings/:param/transcription-jobs	src/service/transcriptionServices.js:28	getTranscriptionJobs	
POST	/meetings/:param/transcription-jobs	src/service/transcriptionServices.js:20	createTranscriptionJob	
GET	/no-show-cases	src/service/businessAdminServices.js:185	getNoShowByRoom	QS
GET	/no-show-cases	src/service/businessAdminServices.js:198	query	QS
GET	/no-show-cases	src/service/managerServices.js:361	query	QS
PATCH	/no-show-cases/:param	src/service/businessAdminServices.js:189	handleNoShowCase	
POST	/no-show-cases/:param/release	src/service/businessAdminServices.js:193	releaseNoShowRoom	
GET	/no-show-config	src/service/sysAdminServices.js:550	getNoShowConfig	
REQ	/no-show-config	src/service/sysAdminServices.js:555	updateNoShowConfig	
GET	/notifications	src/service/businessAdminServices.js:309	query	QS
GET	/notifications	src/service/sysAdminServices.js:357	query	QS
GET	/notifications/:param	src/service/businessAdminServices.js:357	getNotificationDetail	
PATCH	/notifications/:param/read	src/service/businessAdminServices.js:318	markNotificationRead	
PATCH	/notifications/:param/read	src/service/sysAdminServices.js:366	markNotificationRead	
PATCH	/notifications/read-all	src/service/businessAdminServices.js:327	markAllNotificationsRead	
PATCH	/notifications/read-all	src/service/sysAdminServices.js:375	markAllNotificationsRead	
GET	/permissions	src/service/permissionServices.js:35	query	QS
GET	/permissions	src/service/sysAdminServices.js:305	getPermissions	
POST	/permissions	src/service/permissionServices.js:43	createPermission	
GET	/permissions/:param	src/service/permissionServices.js:39	getPermissionById	
PATCH	/permissions/:param	src/service/permissionServices.js:47	updatePermission	
POST	/permissions/:param/toggle-active	src/service/permissionServices.js:51	togglePermissionActive	
GET	/person-control-list	src/service/personControlListService.js:13	query	QS
GET	/person-control-list	src/service/sysAdminServices.js:476	query	QS
POST	/person-control-list	src/service/personControlListService.js:30	createPersonControlRecord	
POST	/person-control-list	src/service/sysAdminServices.js:484	createPersonControl	
DELETE	/person-control-list/:param	src/service/sysAdminServices.js:492	deletePersonControl	
GET	/person-control-list/:param	src/service/personControlListService.js:21	getPersonControlRecordById	
GET	/person-control-list/:param	src/service/sysAdminServices.js:480	getPersonControlDetail	
PATCH	/person-control-list/:param	src/service/personControlListService.js:39	updatePersonControlRecord	
PATCH	/person-control-list/:param	src/service/sysAdminServices.js:488	updatePersonControl	
POST	/reports/meeting-activity/exports	src/service/businessAdminServices.js:58	exportMeetingActivity	
POST	/reports/meeting-activity/exports	src/service/managerServices.js:123	exportMeetingActivity	
POST	/reports/room-utilization/exports	src/component/ExportReportModal.jsx:78	res	
GET	/roles	src/service/businessAdminServices.js:160	getRoles	
GET	/roles	src/service/permissionServices.js:7	query	QS
GET	/roles	src/service/sysAdminServices.js:297	getRoles	
POST	/roles	src/service/permissionServices.js:15	createRole	
DELETE	/roles/:param	src/service/permissionServices.js:28	deleteRole	
GET	/roles/:param	src/service/permissionServices.js:11	getRoleById	
PATCH	/roles/:param	src/service/permissionServices.js:19	updateRole	
GET	/roles/:param/permissions	src/service/permissionServices.js:57	getRolePermissions	
POST	/roles/:param/permissions	src/service/permissionServices.js:61	assignRolePermissions	
GET	/room-bookings	src/service/sysAdminServices.js:545	query	QS
POST	/rooms	src/service/businessAdminServices.js:216	createRoom	
DELETE	/rooms/:param	src/service/businessAdminServices.js:224	deleteRoom	
PATCH	/rooms/:param	src/service/businessAdminServices.js:220	updateRoom	
GET	/rooms/:param/deletion-impact	src/service/sysAdminServices.js:528	getRoomDeletionImpact	
GET	/rooms/:param/status	src/service/sysAdminServices.js:539	getRoomStatus	
GET	/rooms/available	src/service/employeeServices.js:13	query	QS
GET	/rooms/available	src/service/employeeServices.js:23	query	QS
GET	/rooms/available	src/service/managerServices.js:240	query	QS
GET	/rooms/realtime-status	src/service/businessAdminServices.js:177	getRoomRealtimeStatus	
GET	/rooms/realtime-status	src/service/sysAdminServices.js:534	query	QS
GET	/rooms/search	src/service/businessAdminServices.js:173	query	QS
GET	/rooms/search	src/service/sysAdminServices.js:349	query	QS
POST	/scheduling/participant-conflicts/check	src/service/schedulingServices.js:19	checkParticipantConflicts	
GET	/scheduling/room-suggestions	src/service/schedulingServices.js:10	query	QS
POST	/scheduling/time-suggestions	src/service/schedulingServices.js:28	getTimeSuggestions	
GET	/search	src/service/searchService.js:14	query	QS
GET	/security-alerts	src/service/securityAlertService.js:17	query	QS
GET	/security-alerts/:param	src/service/securityAlertService.js:25	getSecurityAlertById	
POST	/security-alerts/:param/acknowledge	src/service/securityAlertService.js:33	acknowledgeSecurityAlert	
POST	/security-alerts/:param/resolve	src/service/businessAdminServices.js:212	resolveStrangerAlert	
POST	/security-alerts/:param/resolve	src/service/securityAlertService.js:42	resolveSecurityAlert	
POST	/security-alerts/bulk-acknowledge	src/service/securityAlertService.js:51	bulkAcknowledgeSecurityAlerts	
GET	/system-configurations	src/service/sysAdminServices.js:241	getSystemConfigs	
PATCH	/system-configurations	src/service/sysAdminServices.js:252	updateSystemConfig	
PATCH	/transcripts/:param/content	src/service/transcriptionServices.js:60	updateTranscriptContent	
PATCH	/transcripts/:param/segments	src/service/transcriptionServices.js:51	updateTranscriptSegment	
PATCH	/transcripts/:param/status	src/service/transcriptionServices.js:69	updateTranscriptStatus	
GET	/users	src/service/businessAdminServices.js:67	query	QS
GET	/users	src/service/employeeServices.js:32	query	QS
GET	/users	src/service/managerServices.js:248	query	QS
GET	/users	src/service/sysAdminServices.js:56	query	QS
POST	/users	src/service/businessAdminServices.js:80	createUser	
POST	/users	src/service/sysAdminServices.js:74	createUser	
GET	/users/	src/pages/shared/Profile.jsx:90	res	
DELETE	/users/:param	src/service/businessAdminServices.js:111	deleteUser	
DELETE	/users/:param	src/service/sysAdminServices.js:139	deleteUser	
GET	/users/:param	src/service/businessAdminServices.js:76	getUserById	
GET	/users/:param	src/service/employeeServices.js:84	getUserById	
GET	/users/:param	src/service/managerServices.js:148	getUserById	
GET	/users/:param	src/service/sysAdminServices.js:65	getUserById	
PATCH	/users/:param	src/service/businessAdminServices.js:84	updateUser	
PATCH	/users/:param	src/service/employeeServices.js:102	updateSelfProfile	
PATCH	/users/:param	src/service/managerServices.js:158	updateSelfProfile	
PATCH	/users/:param	src/service/sysAdminServices.js:339	updateSelfProfile	
PATCH	/users/:param	src/service/sysAdminServices.js:84	updateUser	
POST	/users/:param/face-profile	src/service/employeeServices.js:113	registerFaceProfile	
POST	/users/:param/face-profile	src/service/managerServices.js:167	registerFaceProfile	
PATCH	/users/:param/lock	src/service/businessAdminServices.js:92	lockUser	
PATCH	/users/:param/lock	src/service/sysAdminServices.js:104	lockUser	
GET	/users/:param/public-profile	src/service/employeeServices.js:92	getUserPublicProfile	
REQ	/users/:param/roles	src/service/businessAdminServices.js:88	updateUserRoles	
REQ	/users/:param/roles	src/service/sysAdminServices.js:94	updateUserRoles	
PATCH	/users/:param/status	src/service/sysAdminServices.js:130	updateUserStatus	
PATCH	/users/:param/unlock	src/service/businessAdminServices.js:105	unlockUser	
PATCH	/users/:param/unlock	src/service/sysAdminServices.js:118	unlockUser	
GET	/users/export	src/service/businessAdminServices.js:137	query	QS
GET	/users/export	src/service/sysAdminServices.js:328	query	QS
POST	/users/import	src/service/businessAdminServices.js:128	importUsers	
POST	/users/import	src/service/sysAdminServices.js:161	importUsers	
GET	/users/import/template	src/service/businessAdminServices.js:132	getImportTemplate	
GET	/users/import/template	src/service/sysAdminServices.js:169	getImportTemplate	
GET	/users/manage	src/service/businessAdminServices.js:72	query	QS
GET	/zones	src/service/zoneServices.js:10	query	QS
POST	/zones	src/service/zoneServices.js:28	createZone	
DELETE	/zones/:param	src/service/zoneServices.js:47	deleteZone	
GET	/zones/:param	src/service/zoneServices.js:19	getZoneById	
PATCH	/zones/:param	src/service/zoneServices.js:38	updateZone	
PATCH	/zones/:param/devices	src/service/zoneServices.js:57	assignDeviceToZone	
DELETE	/zones/:param/devices/:param	src/service/zoneServices.js:67	removeDeviceFromZone	